-- phpMyAdmin SQL Dump
-- version 5.2.1
-- https://www.phpmyadmin.net/
--
-- Host: 127.0.0.1
-- Tempo de geração: 01/12/2025 às 18:41
-- Versão do servidor: 10.4.32-MariaDB
-- Versão do PHP: 8.2.12

SET SQL_MODE = "NO_AUTO_VALUE_ON_ZERO";
START TRANSACTION;
SET time_zone = "+00:00";


/*!40101 SET @OLD_CHARACTER_SET_CLIENT=@@CHARACTER_SET_CLIENT */;
/*!40101 SET @OLD_CHARACTER_SET_RESULTS=@@CHARACTER_SET_RESULTS */;
/*!40101 SET @OLD_COLLATION_CONNECTION=@@COLLATION_CONNECTION */;
/*!40101 SET NAMES utf8mb4 */;

--
-- Banco de dados: `encontre_ocampo`
--

-- --------------------------------------------------------

--
-- Estrutura para tabela `admin_acoes`
--

CREATE TABLE `admin_acoes` (
  `id` int(11) NOT NULL,
  `admin_id` int(11) NOT NULL,
  `acao` varchar(500) NOT NULL,
  `tabela_afetada` varchar(100) DEFAULT NULL,
  `registro_id` int(11) DEFAULT NULL,
  `data_acao` timestamp NOT NULL DEFAULT current_timestamp()
) ENGINE=InnoDB DEFAULT CHARSET=utf8mb4 COLLATE=utf8mb4_general_ci;

--
-- Despejando dados para a tabela `admin_acoes`
--

INSERT INTO `admin_acoes` (`id`, `admin_id`, `acao`, `tabela_afetada`, `registro_id`, `data_acao`) VALUES
(1, 1, 'Aprovou cadastro de comprador (ID: 3)', 'usuarios', 3, '2025-11-09 00:23:59'),
(2, 1, 'Aprovou cadastro de vendedor (ID: 4)', 'usuarios', 4, '2025-11-09 00:28:21'),
(3, 1, 'Aprovou cadastro de transportador (ID: 7)', 'usuarios', 7, '2025-11-09 00:29:26'),
(4, 1, 'Alterou status do usuário (ID: 7) para inativo', 'usuarios', 7, '2025-11-10 14:28:45'),
(5, 1, 'Alterou status do usuário (ID: 7) para ativo', 'usuarios', 7, '2025-11-10 14:29:10'),
(6, 1, 'Alterou status do usuário (ID: 3) para inativo', 'usuarios', 3, '2025-11-10 14:39:04'),
(7, 1, 'Alterou status do usuário (ID: 3) para ativo', 'usuarios', 3, '2025-11-10 14:39:06'),
(8, 1, 'Alterou status do usuário (ID: 7) para inativo', 'usuarios', 7, '2025-11-10 14:53:29'),
(9, 1, 'Alterou status do usuário (ID: 7) para ativo', 'usuarios', 7, '2025-11-10 14:53:31'),
(10, 1, 'Aprovou cadastro de comprador (ID: 8)', 'usuarios', 8, '2025-11-17 18:55:39'),
(11, 1, 'Aprovou cadastro de vendedor (ID: 9)', 'usuarios', 9, '2025-11-20 17:40:01');

-- --------------------------------------------------------

--
-- Estrutura para tabela `compradores`
--

CREATE TABLE `compradores` (
  `id` int(11) NOT NULL,
  `usuario_id` int(11) NOT NULL,
  `nome_comercial` varchar(255) DEFAULT NULL,
  `cpf_cnpj` varchar(20) NOT NULL,
  `cip` varchar(50) DEFAULT NULL,
  `cep` varchar(10) DEFAULT NULL,
  `rua` varchar(255) DEFAULT NULL,
  `numero` varchar(10) DEFAULT NULL,
  `complemento` varchar(255) DEFAULT NULL,
  `estado` varchar(2) DEFAULT NULL,
  `cidade` varchar(100) DEFAULT NULL,
  `telefone1` varchar(20) DEFAULT NULL,
  `telefone2` varchar(20) DEFAULT NULL,
  `plano` enum('basico','premium','empresarial') DEFAULT NULL
) ENGINE=InnoDB DEFAULT CHARSET=utf8mb4 COLLATE=utf8mb4_general_ci;

--
-- Despejando dados para a tabela `compradores`
--

INSERT INTO `compradores` (`id`, `usuario_id`, `nome_comercial`, `cpf_cnpj`, `cip`, `cep`, `rua`, `numero`, `complemento`, `estado`, `cidade`, `telefone1`, `telefone2`, `plano`) VALUES
(1, 3, 'Jorge Pontes', '411.115.848-00', NULL, '13211-873', 'Rua Seis', '206', NULL, 'SP', 'Jundiaí', '11996563500', NULL, 'basico'),
(2, 8, NULL, '123.456.789-99', NULL, '13218-200', 'Rua Paschoal Segre', '225', NULL, 'SP', 'Jundiaí', '11912341234', NULL, 'basico');

-- --------------------------------------------------------

--
-- Estrutura para tabela `favoritos`
--

CREATE TABLE `favoritos` (
  `id` int(11) NOT NULL,
  `usuario_id` int(11) NOT NULL,
  `produto_id` int(11) NOT NULL,
  `data_criacao` timestamp NOT NULL DEFAULT current_timestamp()
) ENGINE=InnoDB DEFAULT CHARSET=utf8mb4 COLLATE=utf8mb4_general_ci;

--
-- Despejando dados para a tabela `favoritos`
--

INSERT INTO `favoritos` (`id`, `usuario_id`, `produto_id`, `data_criacao`) VALUES
(3, 3, 2, '2025-11-20 17:35:23');

-- --------------------------------------------------------

--
-- Estrutura para tabela `notificacoes`
--

CREATE TABLE `notificacoes` (
  `id` int(11) NOT NULL,
  `usuario_id` int(11) NOT NULL,
  `mensagem` text NOT NULL,
  `tipo` enum('info','sucesso','alerta','erro') DEFAULT 'info',
  `lida` tinyint(1) DEFAULT 0,
  `url` varchar(500) DEFAULT NULL,
  `data_criacao` timestamp NOT NULL DEFAULT current_timestamp()
) ENGINE=InnoDB DEFAULT CHARSET=utf8mb4 COLLATE=utf8mb4_general_ci;

--
-- Despejando dados para a tabela `notificacoes`
--

INSERT INTO `notificacoes` (`id`, `usuario_id`, `mensagem`, `tipo`, `lida`, `url`, `data_criacao`) VALUES
(1, 1, 'Nova solicitação de cadastro de vendedor: SILENE CRISTINA POSSANI', 'info', 0, 'src/admin/solicitacoes.php', '2025-12-01 14:14:23');

-- --------------------------------------------------------

--
-- Estrutura para tabela `produtos`
--

CREATE TABLE `produtos` (
  `id` int(11) NOT NULL,
  `vendedor_id` int(11) NOT NULL,
  `nome` varchar(255) NOT NULL,
  `descricao` text DEFAULT NULL,
  `preco` decimal(10,2) NOT NULL,
  `preco_desconto` decimal(10,2) DEFAULT NULL,
  `desconto_percentual` decimal(5,2) DEFAULT 0.00,
  `desconto_ativo` tinyint(1) DEFAULT 0,
  `desconto_data_inicio` datetime DEFAULT NULL,
  `desconto_data_fim` datetime DEFAULT NULL,
  `categoria` varchar(100) DEFAULT NULL,
  `imagem_url` varchar(500) DEFAULT NULL,
  `estoque` int(11) DEFAULT 0,
  `unidade_medida` varchar(50) DEFAULT NULL,
  `status` enum('ativo','inativo') DEFAULT 'ativo',
  `data_criacao` timestamp NOT NULL DEFAULT current_timestamp(),
  `data_atualizacao` timestamp NULL DEFAULT NULL ON UPDATE current_timestamp()
) ENGINE=InnoDB DEFAULT CHARSET=utf8mb4 COLLATE=utf8mb4_general_ci;

--
-- Despejando dados para a tabela `produtos`
--

INSERT INTO `produtos` (`id`, `vendedor_id`, `nome`, `descricao`, `preco`, `preco_desconto`, `desconto_percentual`, `desconto_ativo`, `desconto_data_inicio`, `desconto_data_fim`, `categoria`, `imagem_url`, `estoque`, `unidade_medida`, `status`, `data_criacao`, `data_atualizacao`) VALUES
(2, 1, 'uvas', 'uvas verdes', 3.33, NULL, 0.00, 0, NULL, NULL, 'Frutas Cítricas', '../uploads/produtos/prod_691527af8dea16.84286255.jpg', 10, NULL, 'ativo', '2025-11-13 00:34:55', NULL),
(6, 1, 'Limão', 'teste', 5.00, NULL, 0.00, 0, NULL, NULL, 'Frutas Cítricas', '../uploads/produtos/prod_691d2b4d8c5da3.53661953.jpeg', 90, NULL, 'ativo', '2025-11-19 02:28:29', '2025-11-19 03:12:54'),
(7, 1, 'Teste esgotar estoque', '', 5.00, NULL, 0.00, 0, NULL, NULL, 'Frutas Cítricas', '../uploads/produtos/prod_691d3821c54958.39837631.jpeg', 0, NULL, 'ativo', '2025-11-19 03:23:13', '2025-11-20 22:10:44'),
(8, 2, 'banana', 'bananas amarelas', 2.22, NULL, 0.00, 0, NULL, NULL, 'Frutas Tropicais', '../uploads/produtos/prod_691f52c5b25cb6.01137275.jpeg', 12, NULL, 'ativo', '2025-11-20 17:41:25', NULL),
(9, 2, 'melancia', 'melancias', 1.11, NULL, 0.00, 0, NULL, NULL, 'Frutas Cítricas', '../uploads/produtos/prod_691f52db2a3106.65007213.jpg', 1, NULL, 'ativo', '2025-11-20 17:41:47', NULL),
(10, 1, 'teste', '', 20.00, 18.00, 10.00, 1, NULL, NULL, 'Frutas Tropicais', '../uploads/produtos/prod_692ce592138434.75940422.jpeg', 1, NULL, 'ativo', '2025-11-20 17:43:41', '2025-12-01 12:43:39');

-- --------------------------------------------------------

--
-- Estrutura para tabela `propostas_negociacao`
--

CREATE TABLE `propostas_negociacao` (
  `id` int(11) NOT NULL,
  `produto_id` int(11) NOT NULL COMMENT 'O anúncio ao qual a proposta se refere',
  `comprador_id` int(11) NOT NULL COMMENT 'O comprador que fez a proposta',
  `preco_proposto` decimal(10,2) NOT NULL COMMENT 'Preço unitário (por Kg, por exemplo) proposto pelo comprador',
  `quantidade_proposta` int(11) NOT NULL COMMENT 'Quantidade total em Kg ou unidades proposta',
  `condicoes_comprador` text DEFAULT NULL,
  `status` enum('pendente','aceita','recusada','finalizada','cancelada','negociacao') NOT NULL DEFAULT 'pendente',
  `data_proposta` timestamp NOT NULL DEFAULT current_timestamp(),
  `data_resposta` datetime DEFAULT NULL,
  `data_atualizacao` timestamp NULL DEFAULT NULL ON UPDATE current_timestamp(),
  `observacoes_vendedor` text DEFAULT NULL,
  `observacoes_vendedor_teste` text DEFAULT NULL
) ENGINE=InnoDB DEFAULT CHARSET=utf8mb4 COLLATE=utf8mb4_general_ci;

--
-- Despejando dados para a tabela `propostas_negociacao`
--

INSERT INTO `propostas_negociacao` (`id`, `produto_id`, `comprador_id`, `preco_proposto`, `quantidade_proposta`, `condicoes_comprador`, `status`, `data_proposta`, `data_resposta`, `data_atualizacao`, `observacoes_vendedor`, `observacoes_vendedor_teste`) VALUES
(6, 2, 1, 11.00, 1, 'teste', '', '2025-11-14 19:13:44', '2025-11-15 16:17:19', '2025-11-15 19:17:19', NULL, NULL),
(7, 2, 2, 10.00, 5, 'testando proposta', 'pendente', '2025-11-17 19:20:14', NULL, NULL, NULL, NULL),
(12, 6, 2, 4.00, 10, 'teste ACEITAR', 'aceita', '2025-11-19 02:34:24', '2025-11-18 23:59:06', '2025-11-19 02:59:06', NULL, NULL),
(13, 6, 2, 4.00, 10, 'teste CONTRAPROPOSTA', 'negociacao', '2025-11-19 02:35:23', '2025-11-19 12:02:15', '2025-11-19 15:11:47', 'testando CONTRAPROPOSTA', NULL),
(14, 6, 2, 1.00, 1, 'teste NEGAR', 'recusada', '2025-11-19 02:35:43', '2025-11-19 00:29:34', '2025-11-19 03:44:42', NULL, NULL),
(15, 6, 2, 4.00, 10, 'teste novo ACEITAR', 'aceita', '2025-11-19 03:12:32', '2025-11-19 00:12:54', '2025-11-19 03:12:54', NULL, NULL),
(16, 7, 2, 5.00, 10, NULL, 'aceita', '2025-11-19 03:23:36', '2025-11-19 00:23:59', '2025-11-19 03:23:59', NULL, NULL),
(17, 6, 2, 1.00, 1, 'teste RECUSAR', 'recusada', '2025-11-19 03:43:01', '2025-11-19 00:43:37', '2025-11-19 03:43:37', NULL, NULL),
(18, 6, 2, 1.00, 1, 'teste CONTADOR propostas pendentes vendedor', 'recusada', '2025-11-19 14:58:29', '2025-11-19 11:58:51', '2025-11-19 14:58:51', NULL, NULL);

-- --------------------------------------------------------

--
-- Estrutura para tabela `solicitacoes_cadastro`
--

CREATE TABLE `solicitacoes_cadastro` (
  `id` int(11) NOT NULL,
  `usuario_id` int(11) DEFAULT NULL,
  `nome` varchar(255) DEFAULT NULL,
  `email` varchar(255) DEFAULT NULL,
  `telefone` varchar(20) DEFAULT NULL,
  `endereco` text DEFAULT NULL,
  `tipo_solicitacao` enum('vendedor','comprador','transportador') NOT NULL,
  `dados_json` text NOT NULL,
  `status` enum('pendente','aprovado','rejeitado') DEFAULT 'pendente',
  `data_solicitacao` timestamp NOT NULL DEFAULT current_timestamp(),
  `data_analise` timestamp NULL DEFAULT NULL,
  `admin_responsavel` int(11) DEFAULT NULL,
  `observacoes` text DEFAULT NULL
) ENGINE=InnoDB DEFAULT CHARSET=utf8mb4 COLLATE=utf8mb4_general_ci;

--
-- Despejando dados para a tabela `solicitacoes_cadastro`
--

INSERT INTO `solicitacoes_cadastro` (`id`, `usuario_id`, `nome`, `email`, `telefone`, `endereco`, `tipo_solicitacao`, `dados_json`, `status`, `data_solicitacao`, `data_analise`, `admin_responsavel`, `observacoes`) VALUES
(1, NULL, 'Jorge Pontes', 'jorgeappontes13@gmail.com', '11996563500', 'Rua Seis, 206, Jundiaí, SP', 'comprador', '{\"nomeComercialComprador\":\"Jorge Pontes\",\"cpfCnpjComprador\":\"411.115.848-00\",\"cepComprador\":\"13211-87\",\"ruaComprador\":\"Rua Seis\",\"numeroComprador\":\"206\",\"estadoComprador\":\"SP\",\"cidadeComprador\":\"Jundia\\u00ed\",\"telefone1Comprador\":\"11996563500\",\"planoComprador\":\"basico\",\"estadoVendedor\":\"SP\"}', 'rejeitado', '2025-11-08 23:53:30', '2025-11-09 00:14:49', NULL, NULL),
(2, NULL, 'Jorge Pontes', 'jorgeappontes13@gmail.com', '11996563500', 'Rua Seis, 206, Jundiaí, SP', 'comprador', '{\"nomeComercialComprador\":\"Jorge Pontes\",\"cpfCnpjComprador\":\"411.115.848-00\",\"cepComprador\":\"13211-87\",\"ruaComprador\":\"Rua Seis\",\"numeroComprador\":\"206\",\"estadoComprador\":\"SP\",\"cidadeComprador\":\"Jundia\\u00ed\",\"telefone1Comprador\":\"11996563500\",\"planoComprador\":\"premium\",\"estadoVendedor\":\"SP\",\"senha_hash\":\"$2y$10$oM84AnD7UCT10BMttSi0ROshhjDaiDUMnMRNJnN7JEDXJeVBBfkGy\"}', 'aprovado', '2025-11-09 00:15:25', '2025-11-09 00:15:43', NULL, NULL),
(3, 3, 'Jorge Pontes', 'jorgeappontes13@gmail.com', '11996563500', 'Rua Seis, 206, Jundiaí, SP', 'comprador', '{\"nomeComercialComprador\":\"Jorge Pontes\",\"cpfCnpjComprador\":\"411.115.848-00\",\"cepComprador\":\"13211-873\",\"ruaComprador\":\"Rua Seis\",\"numeroComprador\":\"206\",\"estadoComprador\":\"SP\",\"cidadeComprador\":\"Jundia\\u00ed\",\"telefone1Comprador\":\"11996563500\",\"planoComprador\":\"basico\",\"estadoVendedor\":\"SP\",\"senha_hash\":\"$2y$10$G01Lh5IUbanlM7HsqPVJCedjau8JTSyWFxoYa9DYF0EoCNsnA5L2i\"}', 'aprovado', '2025-11-09 00:18:43', '2025-11-09 00:23:59', NULL, NULL),
(4, 4, 'Vendedor', 'vendedor@gmail.com', '11996563500', 'Rua Seis, 206, Jundiaí, SP', 'vendedor', '{\"estadoComprador\":\"SP\",\"nomeComercialVendedor\":\"Vendedor\",\"cpfCnpjVendedor\":\"11.111.111\\/1111-11\",\"cepVendedor\":\"13211-873\",\"ruaVendedor\":\"Rua Seis\",\"numeroVendedor\":\"206\",\"estadoVendedor\":\"SP\",\"cidadeVendedor\":\"Jundia\\u00ed\",\"telefone1Vendedor\":\"11996563500\",\"planoVendedor\":\"basico\",\"senha_hash\":\"$2y$10$WiZ7DfVl8YB49H7SjzLXEuk6UsnWeNGQnBoCD5bF4f5P8R.8Xt.IS\"}', 'aprovado', '2025-11-09 00:26:58', '2025-11-09 00:28:21', NULL, NULL),
(5, 7, 'Transportador', 'transportador@gmail.com', '11996563500', 'Campinas, SP', 'transportador', '{\"estadoComprador\":\"SP\",\"estadoVendedor\":\"SP\",\"telefoneTransportador\":\"11996563500\",\"numeroANTT\":\"13231231434142243\",\"placaVeiculo\":\"111-1111\",\"modeloVeiculo\":\"teste\",\"descricaoVeiculo\":\"carreta\",\"estadoTransportador\":\"SP\",\"cidadeTransportador\":\"Campinas\",\"senha_hash\":\"$2y$10$ydt.M8elv07ezQw77wQZc.HCjZ8gvIRsUM.9FvhiAGKHbLtsBi7lS\"}', 'aprovado', '2025-11-09 00:27:58', '2025-11-09 00:29:26', NULL, NULL),
(6, NULL, 'teste', 'teste@gmail.com', '11996563500', 'Rua Seis, 206, Jundiaí, SP', 'comprador', '{\"nomeComercialComprador\":\"1111111\",\"cpfCnpjComprador\":\"111111111111111111111111111111111111111111111111\",\"cepComprador\":\"11111-111\",\"ruaComprador\":\"Rua Seis\",\"numeroComprador\":\"206\",\"estadoComprador\":\"SP\",\"cidadeComprador\":\"Jundia\\u00ed\",\"telefone1Comprador\":\"11996563500\",\"planoComprador\":\"premium\",\"estadoVendedor\":\"SP\",\"senha_hash\":\"$2y$10$g0JSpSo1Is2zduL4KitN7O5TSD2q9PDIIOIBtljyvD4VqMDV3Uple\"}', 'pendente', '2025-11-10 12:24:28', NULL, NULL, NULL),
(7, 8, 'Comprador', 'comprador@gmail.com', '11912341234', 'Rua Paschoal Segre, 225, Jundiaí, SP', 'comprador', '{\"cpfCnpjComprador\":\"123.456.789-99\",\"cepComprador\":\"13218-200\",\"ruaComprador\":\"Rua Paschoal Segre\",\"numeroComprador\":\"225\",\"estadoComprador\":\"SP\",\"cidadeComprador\":\"Jundia\\u00ed\",\"telefone1Comprador\":\"11912341234\",\"planoComprador\":\"basico\",\"senha_hash\":\"$2y$10$eeHvPWmRt.UfXNCIhs.0GuX5hR8IS\\/sPBZj\\/LxhzRRHnuRJOU4k2W\"}', 'aprovado', '2025-11-17 18:55:23', '2025-11-17 18:55:39', NULL, NULL),
(8, 9, 'vendedor2', 'vendedor2@gmail.com', '11111111111', 'Rua Seis, 206, Jundiaí, SP', 'vendedor', '{\"estadoComprador\":\"SP\",\"nomeComercialVendedor\":\"vendedor2\",\"cpfCnpjVendedor\":\"111111111111\",\"cepVendedor\":\"13211-873\",\"ruaVendedor\":\"Rua Seis\",\"numeroVendedor\":\"206\",\"estadoVendedor\":\"SP\",\"cidadeVendedor\":\"Jundia\\u00ed\",\"telefone1Vendedor\":\"11111111111\",\"planoVendedor\":\"basico\",\"senha_hash\":\"$2y$10$s.T35LUiwMUk90sR5QNhResWbIid1TkOZlo7GrUjavpSlqeMvwnW2\"}', 'aprovado', '2025-11-20 17:39:35', '2025-11-20 17:40:01', NULL, NULL),
(9, NULL, 'testando', 'testando@gmail.com', '11111111111', 'Rua Seis, 206, Jundiaí, SP', 'vendedor', '{\"estadoComprador\":\"SP\",\"nomeComercialVendedor\":\"teste\",\"cpfCnpjVendedor\":\"111111111111111111\",\"cipVendedor\":\"1111\",\"cepVendedor\":\"13211-873\",\"ruaVendedor\":\"Rua Seis\",\"numeroVendedor\":\"206\",\"estadoVendedor\":\"SP\",\"cidadeVendedor\":\"Jundia\\u00ed\",\"telefone1Vendedor\":\"11111111111\",\"planoVendedor\":\"basico\",\"senha_hash\":\"$2y$10$T8EZ.Gv.4vjlW2BPcd4\\/oOKxyRCTgImzX4StLSQfxVagKajWxUXIm\"}', 'pendente', '2025-12-01 13:49:12', NULL, NULL, NULL),
(10, NULL, 'testando', 'testando@gmail.com', '11111111111', 'Rua Seis, 206, Jundiaí, SP', 'vendedor', '{\"estadoComprador\":\"SP\",\"nomeComercialVendedor\":\"teste\",\"cpfCnpjVendedor\":\"111111111111111111\",\"cipVendedor\":\"1111\",\"cepVendedor\":\"13211-873\",\"ruaVendedor\":\"Rua Seis\",\"numeroVendedor\":\"206\",\"estadoVendedor\":\"SP\",\"cidadeVendedor\":\"Jundia\\u00ed\",\"telefone1Vendedor\":\"11111111111\",\"planoVendedor\":\"basico\",\"senha_hash\":\"$2y$10$NfhFfw0I8bgyOGANrDkG9u\\/gkWg6EeHAKy\\/97wU7u7bVhe01M4wCW\"}', 'pendente', '2025-12-01 13:49:16', NULL, NULL, NULL),
(11, NULL, 'teste', 'teste@gmail.com', '11996563500', 'Rua Seis, 206, Jundiaí, SP', 'vendedor', '{\"estadoComprador\":\"SP\",\"nomeComercialVendedor\":\"teste\",\"cpfCnpjVendedor\":\"1111111111111111111\",\"cipVendedor\":\"11111\",\"cepVendedor\":\"13211-873\",\"ruaVendedor\":\"Rua Seis\",\"numeroVendedor\":\"206\",\"estadoVendedor\":\"SP\",\"cidadeVendedor\":\"Jundia\\u00ed\",\"telefone1Vendedor\":\"11996563500\",\"planoVendedor\":\"basico\",\"senha_hash\":\"$2y$10$aXdfuVEyQhKloWsi5stRa.8.EBl6Oo5NI7mf.ZDXP19qg7kp5m206\"}', 'pendente', '2025-12-01 14:09:40', NULL, NULL, NULL),
(12, NULL, 'SILENE CRISTINA POSSANI', 'testa@gamil.com', '1111111111', 'Rua Seis, 206, Jundiaí, SP', 'vendedor', '{\"nome\":\"SILENE CRISTINA POSSANI\",\"email\":\"testa@gamil.com\",\"tipo_solicitacao\":\"vendedor\",\"senha_hash\":\"$2y$10$IHfi0i6llU30Ws6hBl.L7eyrgTXncaSDhDxBRCOvpeWUbF1WCOgOC\",\"nomeComercialVendedor\":\"teste\",\"cpfCnpjVendedor\":\"41111584800\",\"cipVendedor\":\"21212121212\",\"cepVendedor\":\"13211873\",\"ruaVendedor\":\"Rua Seis\",\"numeroVendedor\":\"206\",\"complementoVendedor\":\"\",\"estadoVendedor\":\"SP\",\"cidadeVendedor\":\"Jundiaí\",\"telefone1Vendedor\":\"1111111111\",\"telefone2Vendedor\":\"\",\"planoVendedor\":\"basico\"}', 'pendente', '2025-12-01 14:14:23', NULL, NULL, NULL);

-- --------------------------------------------------------

--
-- Estrutura para tabela `transportadores`
--

CREATE TABLE `transportadores` (
  `id` int(11) NOT NULL,
  `usuario_id` int(11) NOT NULL,
  `telefone` varchar(20) DEFAULT NULL,
  `antt` varchar(100) DEFAULT NULL,
  `numero_antt` varchar(50) DEFAULT NULL,
  `placa_veiculo` varchar(8) DEFAULT NULL,
  `modelo_veiculo` varchar(100) DEFAULT NULL,
  `descricao_veiculo` text DEFAULT NULL,
  `estado` varchar(2) DEFAULT NULL,
  `cidade` varchar(100) DEFAULT NULL
) ENGINE=InnoDB DEFAULT CHARSET=utf8mb4 COLLATE=utf8mb4_general_ci;

--
-- Despejando dados para a tabela `transportadores`
--

INSERT INTO `transportadores` (`id`, `usuario_id`, `telefone`, `antt`, `numero_antt`, `placa_veiculo`, `modelo_veiculo`, `descricao_veiculo`, `estado`, `cidade`) VALUES
(1, 7, '11996563500', NULL, '13231231434142243', '111-1111', 'teste', 'carreta', 'SP', 'Campinas');

-- --------------------------------------------------------

--
-- Estrutura para tabela `usuarios`
--

CREATE TABLE `usuarios` (
  `id` int(11) NOT NULL,
  `email` varchar(255) NOT NULL,
  `senha` varchar(255) NOT NULL,
  `tipo` enum('admin','vendedor','comprador','transportador') NOT NULL,
  `nome` varchar(255) NOT NULL,
  `status` enum('pendente','ativo','inativo') DEFAULT 'pendente',
  `data_criacao` timestamp NOT NULL DEFAULT current_timestamp(),
  `data_aprovacao` timestamp NULL DEFAULT NULL,
  `reset_token` varchar(100) DEFAULT NULL,
  `reset_token_expira` timestamp NULL DEFAULT NULL
) ENGINE=InnoDB DEFAULT CHARSET=utf8mb4 COLLATE=utf8mb4_general_ci;

--
-- Despejando dados para a tabela `usuarios`
--

INSERT INTO `usuarios` (`id`, `email`, `senha`, `tipo`, `nome`, `status`, `data_criacao`, `data_aprovacao`, `reset_token`, `reset_token_expira`) VALUES
(1, 'admin@encontreocampo.com.br', '$2y$10$92IXUNpkjO0rOQ5byMi.Ye4oKoEa3Ro9llC/.og/at2.uheWG/igi', 'admin', 'Administrador', 'ativo', '2025-11-08 14:33:23', '2025-11-08 14:33:23', NULL, NULL),
(3, 'jorgeappontes13@gmail.com', '$2y$10$G01Lh5IUbanlM7HsqPVJCedjau8JTSyWFxoYa9DYF0EoCNsnA5L2i', 'comprador', 'Jorge Pontes', 'ativo', '2025-11-09 00:23:59', NULL, NULL, NULL),
(4, 'vendedor@gmail.com', '$2y$10$WiZ7DfVl8YB49H7SjzLXEuk6UsnWeNGQnBoCD5bF4f5P8R.8Xt.IS', 'vendedor', 'Vendedor', 'ativo', '2025-11-09 00:28:21', NULL, NULL, NULL),
(7, 'transportador@gmail.com', '$2y$10$ydt.M8elv07ezQw77wQZc.HCjZ8gvIRsUM.9FvhiAGKHbLtsBi7lS', 'transportador', 'Transportador', 'ativo', '2025-11-09 00:29:26', NULL, NULL, NULL),
(8, 'comprador@gmail.com', '$2y$10$eeHvPWmRt.UfXNCIhs.0GuX5hR8IS/sPBZj/LxhzRRHnuRJOU4k2W', 'comprador', 'Comprador', 'ativo', '2025-11-17 18:55:39', NULL, NULL, NULL),
(9, 'vendedor2@gmail.com', '$2y$10$s.T35LUiwMUk90sR5QNhResWbIid1TkOZlo7GrUjavpSlqeMvwnW2', 'vendedor', 'vendedor2', 'ativo', '2025-11-20 17:40:01', NULL, NULL, NULL);

-- --------------------------------------------------------

--
-- Estrutura para tabela `vendedores`
--

CREATE TABLE `vendedores` (
  `id` int(11) NOT NULL,
  `usuario_id` int(11) NOT NULL,
  `nome_comercial` varchar(255) DEFAULT NULL,
  `cpf_cnpj` varchar(20) NOT NULL,
  `razao_social` varchar(255) DEFAULT NULL,
  `foto_perfil_url` varchar(255) DEFAULT NULL,
  `cip` varchar(50) DEFAULT NULL,
  `cep` varchar(10) DEFAULT NULL,
  `rua` varchar(255) DEFAULT NULL,
  `numero` varchar(10) DEFAULT NULL,
  `complemento` varchar(255) DEFAULT NULL,
  `estado` varchar(2) DEFAULT NULL,
  `cidade` varchar(100) DEFAULT NULL,
  `telefone1` varchar(20) DEFAULT NULL,
  `telefone2` varchar(20) DEFAULT NULL,
  `plano` enum('basico','premium','empresarial') DEFAULT NULL
) ENGINE=InnoDB DEFAULT CHARSET=utf8mb4 COLLATE=utf8mb4_general_ci;

--
-- Despejando dados para a tabela `vendedores`
--

INSERT INTO `vendedores` (`id`, `usuario_id`, `nome_comercial`, `cpf_cnpj`, `razao_social`, `foto_perfil_url`, `cip`, `cep`, `rua`, `numero`, `complemento`, `estado`, `cidade`, `telefone1`, `telefone2`, `plano`) VALUES
(1, 4, 'Vendedor', '11.111.111/1111-11', '', '../uploads/vendedores/vend_1_691529daacfe9.png', NULL, '13211-873', 'Rua Seis', '206', NULL, 'SP', 'Jundiaí', '11996563500', NULL, 'basico'),
(2, 9, 'vendedor2', '111111111111', NULL, NULL, NULL, '13211-873', 'Rua Seis', '206', NULL, 'SP', 'Jundiaí', '11111111111', NULL, 'basico');

--
-- Índices para tabelas despejadas
--

--
-- Índices de tabela `admin_acoes`
--
ALTER TABLE `admin_acoes`
  ADD PRIMARY KEY (`id`),
  ADD KEY `admin_id` (`admin_id`);

--
-- Índices de tabela `compradores`
--
ALTER TABLE `compradores`
  ADD PRIMARY KEY (`id`),
  ADD KEY `usuario_id` (`usuario_id`);

--
-- Índices de tabela `favoritos`
--
ALTER TABLE `favoritos`
  ADD PRIMARY KEY (`id`),
  ADD UNIQUE KEY `usuario_produto` (`usuario_id`,`produto_id`),
  ADD KEY `produto_id` (`produto_id`);

--
-- Índices de tabela `notificacoes`
--
ALTER TABLE `notificacoes`
  ADD PRIMARY KEY (`id`),
  ADD KEY `usuario_id` (`usuario_id`);

--
-- Índices de tabela `produtos`
--
ALTER TABLE `produtos`
  ADD PRIMARY KEY (`id`),
  ADD KEY `vendedor_id` (`vendedor_id`);

--
-- Índices de tabela `propostas_negociacao`
--
ALTER TABLE `propostas_negociacao`
  ADD PRIMARY KEY (`id`),
  ADD KEY `propostas_negociacao_ibfk_1` (`produto_id`),
  ADD KEY `propostas_negociacao_ibfk_2` (`comprador_id`);

--
-- Índices de tabela `solicitacoes_cadastro`
--
ALTER TABLE `solicitacoes_cadastro`
  ADD PRIMARY KEY (`id`),
  ADD KEY `usuario_id` (`usuario_id`);

--
-- Índices de tabela `transportadores`
--
ALTER TABLE `transportadores`
  ADD PRIMARY KEY (`id`),
  ADD KEY `usuario_id` (`usuario_id`);

--
-- Índices de tabela `usuarios`
--
ALTER TABLE `usuarios`
  ADD PRIMARY KEY (`id`),
  ADD UNIQUE KEY `email` (`email`),
  ADD KEY `reset_token` (`reset_token`);

--
-- Índices de tabela `vendedores`
--
ALTER TABLE `vendedores`
  ADD PRIMARY KEY (`id`),
  ADD KEY `usuario_id` (`usuario_id`);

--
-- AUTO_INCREMENT para tabelas despejadas
--

--
-- AUTO_INCREMENT de tabela `admin_acoes`
--
ALTER TABLE `admin_acoes`
  MODIFY `id` int(11) NOT NULL AUTO_INCREMENT, AUTO_INCREMENT=12;

--
-- AUTO_INCREMENT de tabela `compradores`
--
ALTER TABLE `compradores`
  MODIFY `id` int(11) NOT NULL AUTO_INCREMENT, AUTO_INCREMENT=3;

--
-- AUTO_INCREMENT de tabela `favoritos`
--
ALTER TABLE `favoritos`
  MODIFY `id` int(11) NOT NULL AUTO_INCREMENT, AUTO_INCREMENT=5;

--
-- AUTO_INCREMENT de tabela `notificacoes`
--
ALTER TABLE `notificacoes`
  MODIFY `id` int(11) NOT NULL AUTO_INCREMENT, AUTO_INCREMENT=2;

--
-- AUTO_INCREMENT de tabela `produtos`
--
ALTER TABLE `produtos`
  MODIFY `id` int(11) NOT NULL AUTO_INCREMENT, AUTO_INCREMENT=11;

--
-- AUTO_INCREMENT de tabela `propostas_negociacao`
--
ALTER TABLE `propostas_negociacao`
  MODIFY `id` int(11) NOT NULL AUTO_INCREMENT, AUTO_INCREMENT=19;

--
-- AUTO_INCREMENT de tabela `solicitacoes_cadastro`
--
ALTER TABLE `solicitacoes_cadastro`
  MODIFY `id` int(11) NOT NULL AUTO_INCREMENT, AUTO_INCREMENT=13;

--
-- AUTO_INCREMENT de tabela `transportadores`
--
ALTER TABLE `transportadores`
  MODIFY `id` int(11) NOT NULL AUTO_INCREMENT, AUTO_INCREMENT=2;

--
-- AUTO_INCREMENT de tabela `usuarios`
--
ALTER TABLE `usuarios`
  MODIFY `id` int(11) NOT NULL AUTO_INCREMENT, AUTO_INCREMENT=10;

--
-- AUTO_INCREMENT de tabela `vendedores`
--
ALTER TABLE `vendedores`
  MODIFY `id` int(11) NOT NULL AUTO_INCREMENT, AUTO_INCREMENT=3;

--
-- Restrições para tabelas despejadas
--

--
-- Restrições para tabelas `admin_acoes`
--
ALTER TABLE `admin_acoes`
  ADD CONSTRAINT `admin_acoes_ibfk_1` FOREIGN KEY (`admin_id`) REFERENCES `usuarios` (`id`) ON DELETE CASCADE;

--
-- Restrições para tabelas `compradores`
--
ALTER TABLE `compradores`
  ADD CONSTRAINT `compradores_ibfk_1` FOREIGN KEY (`usuario_id`) REFERENCES `usuarios` (`id`) ON DELETE CASCADE;

--
-- Restrições para tabelas `favoritos`
--
ALTER TABLE `favoritos`
  ADD CONSTRAINT `favoritos_ibfk_1` FOREIGN KEY (`usuario_id`) REFERENCES `usuarios` (`id`) ON DELETE CASCADE,
  ADD CONSTRAINT `favoritos_ibfk_2` FOREIGN KEY (`produto_id`) REFERENCES `produtos` (`id`) ON DELETE CASCADE;

--
-- Restrições para tabelas `notificacoes`
--
ALTER TABLE `notificacoes`
  ADD CONSTRAINT `notificacoes_ibfk_1` FOREIGN KEY (`usuario_id`) REFERENCES `usuarios` (`id`) ON DELETE CASCADE;

--
-- Restrições para tabelas `produtos`
--
ALTER TABLE `produtos`
  ADD CONSTRAINT `produtos_ibfk_1` FOREIGN KEY (`vendedor_id`) REFERENCES `vendedores` (`id`) ON DELETE CASCADE;

--
-- Restrições para tabelas `propostas_negociacao`
--
ALTER TABLE `propostas_negociacao`
  ADD CONSTRAINT `propostas_negociacao_ibfk_1` FOREIGN KEY (`produto_id`) REFERENCES `produtos` (`id`) ON DELETE CASCADE,
  ADD CONSTRAINT `propostas_negociacao_ibfk_2` FOREIGN KEY (`comprador_id`) REFERENCES `compradores` (`id`) ON DELETE CASCADE;

--
-- Restrições para tabelas `solicitacoes_cadastro`
--
ALTER TABLE `solicitacoes_cadastro`
  ADD CONSTRAINT `solicitacoes_cadastro_ibfk_1` FOREIGN KEY (`usuario_id`) REFERENCES `usuarios` (`id`) ON DELETE SET NULL;

--
-- Restrições para tabelas `transportadores`
--
ALTER TABLE `transportadores`
  ADD CONSTRAINT `transportadores_ibfk_1` FOREIGN KEY (`usuario_id`) REFERENCES `usuarios` (`id`) ON DELETE CASCADE;

--
-- Restrições para tabelas `vendedores`
--
ALTER TABLE `vendedores`
  ADD CONSTRAINT `vendedores_ibfk_1` FOREIGN KEY (`usuario_id`) REFERENCES `usuarios` (`id`) ON DELETE CASCADE;
COMMIT;

/*!40101 SET CHARACTER_SET_CLIENT=@OLD_CHARACTER_SET_CLIENT */;
/*!40101 SET CHARACTER_SET_RESULTS=@OLD_CHARACTER_SET_RESULTS */;
/*!40101 SET COLLATION_CONNECTION=@OLD_COLLATION_CONNECTION */;
